Insert into babynames_app_firstname (id, name) values (0, 'Abraham')	insert into babynames_app_fullnames (id, first_id, last_id, rank, pros, cons) values (0,0,1,0,'','')		insert into babynames_app_nameinfo (id, firstName_id, country_id, gender_id,meaning) values(0,0,1,1,'"father of multitudes" in Hebrew')
Insert into babynames_app_firstname (id, name) values (1, 'Abram')	insert into babynames_app_fullnames (id, first_id, last_id, rank, pros, cons) values (1,1,1,0,'','')		insert into babynames_app_nameinfo (id, firstName_id, country_id, gender_id,meaning) values(1,1,1,1,'"father of multitudes" in Hebrew, original name in Bible')
Insert into babynames_app_firstname (id, name) values (2, 'Ada')	insert into babynames_app_fullnames (id, first_id, last_id, rank, pros, cons) values (2,2,1,0,'Easy to spell','')		insert into babynames_app_nameinfo (id, firstName_id, country_id, gender_id,meaning) values(2,2,1,2,'"noble, nobility" in German')
Insert into babynames_app_firstname (id, name) values (3, 'Adrian')	insert into babynames_app_fullnames (id, first_id, last_id, rank, pros, cons) values (3,3,1,0,'','')		insert into babynames_app_nameinfo (id, firstName_id, country_id, gender_id,meaning) values(3,3,1,1,'"man of Adria" in Latin')
Insert into babynames_app_firstname (id, name) values (4, 'Aldo')	insert into babynames_app_fullnames (id, first_id, last_id, rank, pros, cons) values (4,4,1,0,'','')		insert into babynames_app_nameinfo (id, firstName_id, country_id, gender_id,meaning) values(4,4,1,1,'"old and wise" in Italian from German')
Insert into babynames_app_firstname (id, name) values (5, 'Alvin')	insert into babynames_app_fullnames (id, first_id, last_id, rank, pros, cons) values (5,5,1,0,'Kinda like Mickie''s dad''s name','Chipmunk')		insert into babynames_app_nameinfo (id, firstName_id, country_id, gender_id,meaning) values(5,5,1,1,'"noble friend, friend of elves" in English')
Insert into babynames_app_firstname (id, name) values (6, 'Annabel')	insert into babynames_app_fullnames (id, first_id, last_id, rank, pros, cons) values (6,6,1,0,'','')		insert into babynames_app_nameinfo (id, firstName_id, country_id, gender_id,meaning) values(6,6,1,2,'Scottish version of Amabel (loving)')
Insert into babynames_app_firstname (id, name) values (7, 'Antonio')	insert into babynames_app_fullnames (id, first_id, last_id, rank, pros, cons) values (7,7,1,0,'','Anthony? ; Banderas')		insert into babynames_app_nameinfo (id, firstName_id, country_id, gender_id,meaning) values(7,7,1,1,'"priceless one" in Spanish or Italian')
Insert into babynames_app_firstname (id, name) values (8, 'Arabella')	insert into babynames_app_fullnames (id, first_id, last_id, rank, pros, cons) values (8,8,1,0,'','Can''t say it right in Spanish')		insert into babynames_app_nameinfo (id, firstName_id, country_id, gender_id,meaning) values(8,8,1,2,'"yielding to prayer" in Latin')
Insert into babynames_app_firstname (id, name) values (9, 'Araminta')	insert into babynames_app_fullnames (id, first_id, last_id, rank, pros, cons) values (9,9,1,0,'','HP character')		insert into babynames_app_nameinfo (id, firstName_id, country_id, gender_id,meaning) values(9,9,1,2,'Hybrid of Arabella and Arminta (Greek for "defender")')
Insert into babynames_app_firstname (id, name) values (10, 'Ariana')	insert into babynames_app_fullnames (id, first_id, last_id, rank, pros, cons) values (10,10,1,0,'Kinda like Mickie''s sister''s name','')		insert into babynames_app_nameinfo (id, firstName_id, country_id, gender_id,meaning) values(10,10,1,2,'Italian version of Ariadne (most holy)')
Insert into babynames_app_firstname (id, name) values (11, 'Astrid')	insert into babynames_app_fullnames (id, first_id, last_id, rank, pros, cons) values (11,11,1,0,'','Starts with ass')		insert into babynames_app_nameinfo (id, firstName_id, country_id, gender_id,meaning) values(11,11,1,2,'"divinely beautiful" in Norse')
Insert into babynames_app_firstname (id, name) values (12, 'Aurora')	insert into babynames_app_fullnames (id, first_id, last_id, rank, pros, cons) values (12,12,1,0,'Spanish or English, Rory Storm and the Hurricanes','Colorado')		insert into babynames_app_nameinfo (id, firstName_id, country_id, gender_id,meaning) values(12,12,1,2,'"dawn" in Latin')
Insert into babynames_app_firstname (id, name) values (13, 'Ava')	insert into babynames_app_fullnames (id, first_id, last_id, rank, pros, cons) values (13,13,1,0,'','really popular')		insert into babynames_app_nameinfo (id, firstName_id, country_id, gender_id,meaning) values(13,13,1,2,'"life or birds" in Latin')
Insert into babynames_app_firstname (id, name) values (14, 'Beatriz')	insert into babynames_app_fullnames (id, first_id, last_id, rank, pros, cons) values (14,14,1,0,'','')		insert into babynames_app_nameinfo (id, firstName_id, country_id, gender_id,meaning) values(14,14,1,2,'Spanish version of Beatrice (blessed)')
Insert into babynames_app_firstname (id, name) values (15, 'Benjamin')	insert into babynames_app_fullnames (id, first_id, last_id, rank, pros, cons) values (15,15,1,0,'','Uber popular, right hand business')		insert into babynames_app_nameinfo (id, firstName_id, country_id, gender_id,meaning) values(15,15,1,1,'"son of the right hand" in Hebrew')
Insert into babynames_app_firstname (id, name) values (16, 'Bernard')	insert into babynames_app_fullnames (id, first_id, last_id, rank, pros, cons) values (16,16,1,0,'','')		insert into babynames_app_nameinfo (id, firstName_id, country_id, gender_id,meaning) values(16,16,1,1,'"strong, brave as a bear" in German')
Insert into babynames_app_firstname (id, name) values (17, 'Bianca')	insert into babynames_app_fullnames (id, first_id, last_id, rank, pros, cons) values (17,17,1,0,'Sounds like Patrick''s mom''s name, Rescue Rangers','')		insert into babynames_app_nameinfo (id, firstName_id, country_id, gender_id,meaning) values(17,17,1,2,'"white" in Italian')
Insert into babynames_app_firstname (id, name) values (18, 'Byron')	insert into babynames_app_fullnames (id, first_id, last_id, rank, pros, cons) values (18,18,1,0,'','')		insert into babynames_app_nameinfo (id, firstName_id, country_id, gender_id,meaning) values(18,18,1,1,'"barn for cows" in English')
Insert into babynames_app_firstname (id, name) values (19, 'Carolina')	insert into babynames_app_fullnames (id, first_id, last_id, rank, pros, cons) values (19,19,1,0,'','')		insert into babynames_app_nameinfo (id, firstName_id, country_id, gender_id,meaning) values(19,19,1,2,'Alternate to Caroline ("free man" in French)')
Insert into babynames_app_firstname (id, name) values (20, 'Cecilia')	insert into babynames_app_fullnames (id, first_id, last_id, rank, pros, cons) values (20,20,1,0,'The song, the church wherein we married','')		insert into babynames_app_nameinfo (id, firstName_id, country_id, gender_id,meaning) values(20,20,1,2,'"blind one" in Latin')
Insert into babynames_app_firstname (id, name) values (21, 'Cedric')	insert into babynames_app_fullnames (id, first_id, last_id, rank, pros, cons) values (21,21,1,0,'','')		insert into babynames_app_nameinfo (id, firstName_id, country_id, gender_id,meaning) values(21,21,1,1,'"bounty" in Celtic')
Insert into babynames_app_firstname (id, name) values (22, 'Charles')	insert into babynames_app_fullnames (id, first_id, last_id, rank, pros, cons) values (22,22,1,0,'Charlie bit me!','Barkley, guy my dad dislikes')		insert into babynames_app_nameinfo (id, firstName_id, country_id, gender_id,meaning) values(22,22,1,1,'French version of German for "free man"')
Insert into babynames_app_firstname (id, name) values (23, 'Chauncey')	insert into babynames_app_fullnames (id, first_id, last_id, rank, pros, cons) values (23,23,1,0,'','Cat')		insert into babynames_app_nameinfo (id, firstName_id, country_id, gender_id,meaning) values(23,23,1,1,'"chancellor" in Latin')
Insert into babynames_app_firstname (id, name) values (24, 'Claire')	insert into babynames_app_fullnames (id, first_id, last_id, rank, pros, cons) values (24,24,1,0,'','')		insert into babynames_app_nameinfo (id, firstName_id, country_id, gender_id,meaning) values(24,24,1,2,'French version of Clara ("bright, clear")')
Insert into babynames_app_firstname (id, name) values (25, 'Clara')	insert into babynames_app_fullnames (id, first_id, last_id, rank, pros, cons) values (25,25,1,0,'','')		insert into babynames_app_nameinfo (id, firstName_id, country_id, gender_id,meaning) values(25,25,1,2,'"bright, clear" in Latin')
Insert into babynames_app_firstname (id, name) values (26, 'Clarissa')	insert into babynames_app_fullnames (id, first_id, last_id, rank, pros, cons) values (26,26,1,0,'','')		insert into babynames_app_nameinfo (id, firstName_id, country_id, gender_id,meaning) values(26,26,1,2,'Latin version of Clarice ("bright, clear")')
Insert into babynames_app_firstname (id, name) values (27, 'Colin')	insert into babynames_app_fullnames (id, first_id, last_id, rank, pros, cons) values (27,27,1,0,'','HP character')		insert into babynames_app_nameinfo (id, firstName_id, country_id, gender_id,meaning) values(27,27,1,1,'"pup," nickname of Nicholas (Greek for "people of victory")')
Insert into babynames_app_firstname (id, name) values (28, 'Desmond')	insert into babynames_app_fullnames (id, first_id, last_id, rank, pros, cons) values (28,28,1,0,'See ya in another life brotha','')		insert into babynames_app_nameinfo (id, firstName_id, country_id, gender_id,meaning) values(28,28,1,1,'"one from south Munster" in Irish')
Insert into babynames_app_firstname (id, name) values (29, 'Elizabeth')	insert into babynames_app_fullnames (id, first_id, last_id, rank, pros, cons) values (29,29,1,0,'Queens and shit, similar to Mickie''s grandma (Elisa)','Super popular')		insert into babynames_app_nameinfo (id, firstName_id, country_id, gender_id,meaning) values(29,29,1,2,'"pledged to God" in Hebrew')
Insert into babynames_app_firstname (id, name) values (30, 'Elmer')	insert into babynames_app_fullnames (id, first_id, last_id, rank, pros, cons) values (30,30,1,0,'','')		insert into babynames_app_nameinfo (id, firstName_id, country_id, gender_id,meaning) values(30,30,1,1,'"noble and renowned" in English')
Insert into babynames_app_firstname (id, name) values (31, 'Emmanuel')	insert into babynames_app_fullnames (id, first_id, last_id, rank, pros, cons) values (31,31,1,0,'Ginobili','Ginobili')		insert into babynames_app_nameinfo (id, firstName_id, country_id, gender_id,meaning) values(31,31,1,1,'"God is with us" in Hebrew')
Insert into babynames_app_firstname (id, name) values (32, 'Enrico')	insert into babynames_app_fullnames (id, first_id, last_id, rank, pros, cons) values (32,32,1,0,'','')		insert into babynames_app_nameinfo (id, firstName_id, country_id, gender_id,meaning) values(32,32,1,1,'Italian variation of Henry (German for "estate ruler")')
Insert into babynames_app_firstname (id, name) values (33, 'Eva')	insert into babynames_app_fullnames (id, first_id, last_id, rank, pros, cons) values (33,33,1,0,'We can say "For Eva, For Eva Eva?"','')		insert into babynames_app_nameinfo (id, firstName_id, country_id, gender_id,meaning) values(33,33,1,2,'Latin version of Eve ("life")')
Insert into babynames_app_firstname (id, name) values (34, 'Florence')	insert into babynames_app_fullnames (id, first_id, last_id, rank, pros, cons) values (34,34,1,0,'','')		insert into babynames_app_nameinfo (id, firstName_id, country_id, gender_id,meaning) values(34,34,1,2,'"flourishing" in Latin')
Insert into babynames_app_firstname (id, name) values (35, 'Francesca')	insert into babynames_app_fullnames (id, first_id, last_id, rank, pros, cons) values (35,35,1,0,'','')		insert into babynames_app_nameinfo (id, firstName_id, country_id, gender_id,meaning) values(35,35,1,2,'Italian version of Frances ("free man or from France")')
Insert into babynames_app_firstname (id, name) values (36, 'Francis')	insert into babynames_app_fullnames (id, first_id, last_id, rank, pros, cons) values (36,36,1,0,'Patron saint of animals, the Pope','A little clunky with Thomas')		insert into babynames_app_nameinfo (id, firstName_id, country_id, gender_id,meaning) values(36,36,1,1,'"Frenchman or free man" in Latin')
Insert into babynames_app_firstname (id, name) values (37, 'Franklin')	insert into babynames_app_fullnames (id, first_id, last_id, rank, pros, cons) values (37,37,1,0,'','')		insert into babynames_app_nameinfo (id, firstName_id, country_id, gender_id,meaning) values(37,37,1,1,'"free landholder" in English')
Insert into babynames_app_firstname (id, name) values (38, 'Frederick')	insert into babynames_app_fullnames (id, first_id, last_id, rank, pros, cons) values (38,38,1,0,'Kinda extends on "Patrick"','')		insert into babynames_app_nameinfo (id, firstName_id, country_id, gender_id,meaning) values(38,38,1,1,'"peaceful ruler" in German')
Insert into babynames_app_firstname (id, name) values (39, 'Geneva')	insert into babynames_app_fullnames (id, first_id, last_id, rank, pros, cons) values (39,39,1,0,'','A bit of a mouthful')		insert into babynames_app_nameinfo (id, firstName_id, country_id, gender_id,meaning) values(39,39,1,2,'"juniper tree" in French')
Insert into babynames_app_firstname (id, name) values (40, 'Genevieve')	insert into babynames_app_fullnames (id, first_id, last_id, rank, pros, cons) values (40,40,1,0,'','')		insert into babynames_app_nameinfo (id, firstName_id, country_id, gender_id,meaning) values(40,40,1,2,'"tribe woman" from French')
Insert into babynames_app_firstname (id, name) values (41, 'Griselda')	insert into babynames_app_fullnames (id, first_id, last_id, rank, pros, cons) values (41,41,1,0,'Like Mickie''s favorite video game!','')		insert into babynames_app_nameinfo (id, firstName_id, country_id, gender_id,meaning) values(41,41,1,2,'"grey fighting maid" in German (Zelda means "luck")')
Insert into babynames_app_firstname (id, name) values (42, 'Helena')	insert into babynames_app_fullnames (id, first_id, last_id, rank, pros, cons) values (42,42,1,0,'','Helena Bonham Carter')		insert into babynames_app_nameinfo (id, firstName_id, country_id, gender_id,meaning) values(42,42,1,2,'"bright, shining one" in Latin (from Greek)')
Insert into babynames_app_firstname (id, name) values (43, 'Henry')	insert into babynames_app_fullnames (id, first_id, last_id, rank, pros, cons) values (43,43,1,0,'Patrick''s Papaw''s first name, Patrick Henry','')		insert into babynames_app_nameinfo (id, firstName_id, country_id, gender_id,meaning) values(43,43,1,1,'"estate ruler" in German')
Insert into babynames_app_firstname (id, name) values (44, 'Ian')	insert into babynames_app_fullnames (id, first_id, last_id, rank, pros, cons) values (44,44,1,0,'Oirish, Patrick''s Middle name','')		insert into babynames_app_nameinfo (id, firstName_id, country_id, gender_id,meaning) values(44,44,1,1,'Gaelic version of John ("the Lord is gracious")')
Insert into babynames_app_firstname (id, name) values (45, 'Imogen')	insert into babynames_app_fullnames (id, first_id, last_id, rank, pros, cons) values (45,45,1,0,'','A Heap to pronounce')		insert into babynames_app_nameinfo (id, firstName_id, country_id, gender_id,meaning) values(45,45,1,2,'"beloved child" in Celtic')
Insert into babynames_app_firstname (id, name) values (46, 'Ingrid')	insert into babynames_app_fullnames (id, first_id, last_id, rank, pros, cons) values (46,46,1,0,'','Cultural clash?')		insert into babynames_app_nameinfo (id, firstName_id, country_id, gender_id,meaning) values(46,46,1,2,'"Ing''s ride" in Norse (God of fertility)')
Insert into babynames_app_firstname (id, name) values (47, 'Isabel')	insert into babynames_app_fullnames (id, first_id, last_id, rank, pros, cons) values (47,47,1,0,'','Twilight character')		insert into babynames_app_nameinfo (id, firstName_id, country_id, gender_id,meaning) values(47,47,1,2,'Spanish version of Elizabeth (pledged to God)')
Insert into babynames_app_firstname (id, name) values (48, 'Isadora')	insert into babynames_app_fullnames (id, first_id, last_id, rank, pros, cons) values (48,48,1,0,'','')		insert into babynames_app_nameinfo (id, firstName_id, country_id, gender_id,meaning) values(48,48,1,2,'"gift of Isis" in Greek')
Insert into babynames_app_firstname (id, name) values (49, 'Jonah')	insert into babynames_app_fullnames (id, first_id, last_id, rank, pros, cons) values (49,49,1,0,'','')		insert into babynames_app_nameinfo (id, firstName_id, country_id, gender_id,meaning) values(49,49,1,1,'"dove" in Hebrew')
Insert into babynames_app_firstname (id, name) values (50, 'Jude')	insert into babynames_app_fullnames (id, first_id, last_id, rank, pros, cons) values (50,50,1,0,'Mickie''s dad''s favorite saint, annoy him with the song','Hey Jude')		insert into babynames_app_nameinfo (id, firstName_id, country_id, gender_id,meaning) values(50,50,1,1,'"praise" in Latin (from Judah)')
Insert into babynames_app_firstname (id, name) values (51, 'Julia')	insert into babynames_app_fullnames (id, first_id, last_id, rank, pros, cons) values (51,51,1,0,'','')		insert into babynames_app_nameinfo (id, firstName_id, country_id, gender_id,meaning) values(51,51,1,2,'"youthful" in Latin')
Insert into babynames_app_firstname (id, name) values (52, 'Julian')	insert into babynames_app_fullnames (id, first_id, last_id, rank, pros, cons) values (52,52,1,0,'Ethnically transitive','Julian Castro')		insert into babynames_app_nameinfo (id, firstName_id, country_id, gender_id,meaning) values(52,52,1,1,'"youthful, downy" in English from Latin (Julius)')
Insert into babynames_app_firstname (id, name) values (53, 'Kimora')	insert into babynames_app_fullnames (id, first_id, last_id, rank, pros, cons) values (53,53,1,0,'Lots of female 90''s musicians named Kim','')		insert into babynames_app_nameinfo (id, firstName_id, country_id, gender_id,meaning) values(53,53,1,2,'Modern name (meaning unknown)')
Insert into babynames_app_firstname (id, name) values (54, 'Lemuel')	insert into babynames_app_fullnames (id, first_id, last_id, rank, pros, cons) values (54,54,1,0,'Its somewhere in Patrick''s family tree','Kinda weird sounding')		insert into babynames_app_nameinfo (id, firstName_id, country_id, gender_id,meaning) values(54,54,1,1,'"devoted to God" in Hebrew')
Insert into babynames_app_firstname (id, name) values (55, 'Leon')	insert into babynames_app_fullnames (id, first_id, last_id, rank, pros, cons) values (55,55,1,0,'','')		insert into babynames_app_nameinfo (id, firstName_id, country_id, gender_id,meaning) values(55,55,1,1,'Greek version of Leo ("lion")')
Insert into babynames_app_firstname (id, name) values (56, 'Leonora')	insert into babynames_app_fullnames (id, first_id, last_id, rank, pros, cons) values (56,56,1,0,'','')		insert into babynames_app_nameinfo (id, firstName_id, country_id, gender_id,meaning) values(56,56,1,2,'Italian version of Eleanor (meaning unknown)')
Insert into babynames_app_firstname (id, name) values (57, 'Linus')	insert into babynames_app_fullnames (id, first_id, last_id, rank, pros, cons) values (57,57,1,0,'From Peanuts, second pope, Linus Pauling (chemist)','"Good Grief", clunky with Thomas')		insert into babynames_app_nameinfo (id, firstName_id, country_id, gender_id,meaning) values(57,57,1,1,'"flax" in Greek')
Insert into babynames_app_firstname (id, name) values (58, 'Lowell')	insert into babynames_app_fullnames (id, first_id, last_id, rank, pros, cons) values (58,58,1,0,'Its everywhere in Patrick''s family tree','')		insert into babynames_app_nameinfo (id, firstName_id, country_id, gender_id,meaning) values(58,58,1,1,'"young wolf" in French')
Insert into babynames_app_firstname (id, name) values (59, 'Lucinda')	insert into babynames_app_fullnames (id, first_id, last_id, rank, pros, cons) values (59,59,1,0,'Also sounds like "linda" (beautiful)','')		insert into babynames_app_nameinfo (id, firstName_id, country_id, gender_id,meaning) values(59,59,1,2,'"light" in Italian (variation of Lucia)')
Insert into babynames_app_firstname (id, name) values (60, 'Luna')	insert into babynames_app_fullnames (id, first_id, last_id, rank, pros, cons) values (60,60,1,0,'','HP character')		insert into babynames_app_nameinfo (id, firstName_id, country_id, gender_id,meaning) values(60,60,1,2,'"moon" in Latin')
Insert into babynames_app_firstname (id, name) values (61, 'Magnus')	insert into babynames_app_fullnames (id, first_id, last_id, rank, pros, cons) values (61,61,1,0,'Bassist from Cardigans; Mickie thought was cool','Similar sounding to Thomas')		insert into babynames_app_nameinfo (id, firstName_id, country_id, gender_id,meaning) values(61,61,1,1,'"greatest" in Latin')
Insert into babynames_app_firstname (id, name) values (62, 'Maribel')	insert into babynames_app_fullnames (id, first_id, last_id, rank, pros, cons) values (62,62,1,0,'','')		insert into babynames_app_nameinfo (id, firstName_id, country_id, gender_id,meaning) values(62,62,1,2,'French version of Mary and Belle (bitter and beautiful)')
Insert into babynames_app_firstname (id, name) values (63, 'Marie')	insert into babynames_app_fullnames (id, first_id, last_id, rank, pros, cons) values (63,63,1,0,'Marie Curie','')		insert into babynames_app_nameinfo (id, firstName_id, country_id, gender_id,meaning) values(63,63,1,2,'French version of Mary ("bitter")')
Insert into babynames_app_firstname (id, name) values (64, 'Marina')	insert into babynames_app_fullnames (id, first_id, last_id, rank, pros, cons) values (64,64,1,0,'','')		insert into babynames_app_nameinfo (id, firstName_id, country_id, gender_id,meaning) values(64,64,1,2,'"from the sea" in Latin')
Insert into babynames_app_firstname (id, name) values (65, 'Marisol')	insert into babynames_app_fullnames (id, first_id, last_id, rank, pros, cons) values (65,65,1,0,'','Matchbox 20''s Rob Thomas''s wife')		insert into babynames_app_nameinfo (id, firstName_id, country_id, gender_id,meaning) values(65,65,1,2,'"sun" and Maria ("bitter") in Spanish')
Insert into babynames_app_firstname (id, name) values (66, 'Maritza')	insert into babynames_app_fullnames (id, first_id, last_id, rank, pros, cons) values (66,66,1,0,'','')		insert into babynames_app_nameinfo (id, firstName_id, country_id, gender_id,meaning) values(66,66,1,2,'Possible version of Mary ("bitter")')
Insert into babynames_app_firstname (id, name) values (67, 'Matilda')	insert into babynames_app_fullnames (id, first_id, last_id, rank, pros, cons) values (67,67,1,0,'Kinda like Mickie''s mom''s name, Waltzing Matilda song','')		insert into babynames_app_nameinfo (id, firstName_id, country_id, gender_id,meaning) values(67,67,1,2,'"battle-mighty" in German')
Insert into babynames_app_firstname (id, name) values (68, 'Melanie')	insert into babynames_app_fullnames (id, first_id, last_id, rank, pros, cons) values (68,68,1,0,'','')		insert into babynames_app_nameinfo (id, firstName_id, country_id, gender_id,meaning) values(68,68,1,2,'"black, dark" in Greek')
Insert into babynames_app_firstname (id, name) values (69, 'Milo')	insert into babynames_app_fullnames (id, first_id, last_id, rank, pros, cons) values (69,69,1,0,'','Pronunciation?')		insert into babynames_app_nameinfo (id, firstName_id, country_id, gender_id,meaning) values(69,69,1,1,'Latin form of Miles (soldier, generous, merciful)')
Insert into babynames_app_firstname (id, name) values (70, 'Mireya')	insert into babynames_app_fullnames (id, first_id, last_id, rank, pros, cons) values (70,70,1,0,'','')		insert into babynames_app_nameinfo (id, firstName_id, country_id, gender_id,meaning) values(70,70,1,2,'"admired" in Spanish from Latin')
Insert into babynames_app_firstname (id, name) values (71, 'Miriam')	insert into babynames_app_fullnames (id, first_id, last_id, rank, pros, cons) values (71,71,1,0,'','')		insert into babynames_app_nameinfo (id, firstName_id, country_id, gender_id,meaning) values(71,71,1,2,'"wished-for child" in Hebrew')
Insert into babynames_app_firstname (id, name) values (72, 'Mordecai')	insert into babynames_app_fullnames (id, first_id, last_id, rank, pros, cons) values (72,72,1,0,'','')		insert into babynames_app_nameinfo (id, firstName_id, country_id, gender_id,meaning) values(72,72,1,1,'"warrior" in Hebrew from Persian')
Insert into babynames_app_firstname (id, name) values (73, 'Muriel')	insert into babynames_app_fullnames (id, first_id, last_id, rank, pros, cons) values (73,73,1,0,'','')		insert into babynames_app_nameinfo (id, firstName_id, country_id, gender_id,meaning) values(73,73,1,2,'"of the bright sea" in Irish')
Insert into babynames_app_firstname (id, name) values (74, 'Nels')	insert into babynames_app_fullnames (id, first_id, last_id, rank, pros, cons) values (74,74,1,0,'','Might confuse people')		insert into babynames_app_nameinfo (id, firstName_id, country_id, gender_id,meaning) values(74,74,1,1,'Norwegian version of Nicholas ("people of victory")')
Insert into babynames_app_firstname (id, name) values (75, 'Nicanor')	insert into babynames_app_fullnames (id, first_id, last_id, rank, pros, cons) values (75,75,1,0,'Its somewhere in Patrick''s family tree','')		insert into babynames_app_nameinfo (id, firstName_id, country_id, gender_id,meaning) values(75,75,1,1,'"victorious" in Spanish (think the Greek goddess Nike)')
Insert into babynames_app_firstname (id, name) values (76, 'Niels')	insert into babynames_app_fullnames (id, first_id, last_id, rank, pros, cons) values (76,76,1,0,'The physicist Niels Bohr','')		insert into babynames_app_nameinfo (id, firstName_id, country_id, gender_id,meaning) values(76,76,1,1,'Danish variation of Nicholas; Dutch diminutive of Cornelius')
Insert into babynames_app_firstname (id, name) values (77, 'Noah')	insert into babynames_app_fullnames (id, first_id, last_id, rank, pros, cons) values (77,77,1,0,'','Vanessa''s baby')		insert into babynames_app_nameinfo (id, firstName_id, country_id, gender_id,meaning) values(77,77,1,1,'"rest, wandering" in Hebrew')
Insert into babynames_app_firstname (id, name) values (78, 'Noel')	insert into babynames_app_fullnames (id, first_id, last_id, rank, pros, cons) values (78,78,1,0,'','Maybe mispronounced')		insert into babynames_app_nameinfo (id, firstName_id, country_id, gender_id,meaning) values(78,78,1,1,'"Christmas" in French')
Insert into babynames_app_firstname (id, name) values (79, 'Nora')	insert into babynames_app_fullnames (id, first_id, last_id, rank, pros, cons) values (79,79,1,0,'','')		insert into babynames_app_nameinfo (id, firstName_id, country_id, gender_id,meaning) values(79,79,1,2,'"light" in Irish, or diminutive of Honora from Greek ("honor")')
Insert into babynames_app_firstname (id, name) values (80, 'Oliver')	insert into babynames_app_fullnames (id, first_id, last_id, rank, pros, cons) values (80,80,1,0,'','Justin''s Middle name, the book')		insert into babynames_app_nameinfo (id, firstName_id, country_id, gender_id,meaning) values(80,80,1,1,'"olive tree" in Latin')
Insert into babynames_app_firstname (id, name) values (81, 'Olivia')	insert into babynames_app_fullnames (id, first_id, last_id, rank, pros, cons) values (81,81,1,0,'Cute nicknames, sounds like "I love"','Super popular')		insert into babynames_app_nameinfo (id, firstName_id, country_id, gender_id,meaning) values(81,81,1,2,'"olive tree" in Latin (like Oliver)')
Insert into babynames_app_firstname (id, name) values (82, 'Orion')	insert into babynames_app_fullnames (id, first_id, last_id, rank, pros, cons) values (82,82,1,0,'The Orion Experience, outerspace sounding','')		insert into babynames_app_nameinfo (id, firstName_id, country_id, gender_id,meaning) values(82,82,1,1,'Greek mythology (hunter who chased Atlas'' daughters)')
Insert into babynames_app_firstname (id, name) values (83, 'Oscar')	insert into babynames_app_fullnames (id, first_id, last_id, rank, pros, cons) values (83,83,1,0,'Can be said in Spanish','The grouch')		insert into babynames_app_nameinfo (id, firstName_id, country_id, gender_id,meaning) values(83,83,1,1,'"champion warrior" in English')
Insert into babynames_app_firstname (id, name) values (84, 'Paloma')	insert into babynames_app_fullnames (id, first_id, last_id, rank, pros, cons) values (84,84,1,0,'','')		insert into babynames_app_nameinfo (id, firstName_id, country_id, gender_id,meaning) values(84,84,1,2,'"dove" in Spanish')
Insert into babynames_app_firstname (id, name) values (85, 'Paulina')	insert into babynames_app_fullnames (id, first_id, last_id, rank, pros, cons) values (85,85,1,0,'','')		insert into babynames_app_nameinfo (id, firstName_id, country_id, gender_id,meaning) values(85,85,1,2,'"small" in Latin (like Paul)')
Insert into babynames_app_firstname (id, name) values (86, 'Penelope')	insert into babynames_app_fullnames (id, first_id, last_id, rank, pros, cons) values (86,86,1,0,'PIT initials','')		insert into babynames_app_nameinfo (id, firstName_id, country_id, gender_id,meaning) values(86,86,1,2,'"weaver" in Greek')
Insert into babynames_app_firstname (id, name) values (87, 'Percival')	insert into babynames_app_fullnames (id, first_id, last_id, rank, pros, cons) values (87,87,1,0,'','HP character')		insert into babynames_app_nameinfo (id, firstName_id, country_id, gender_id,meaning) values(87,87,1,1,'"one who pierces the valley" in French')
Insert into babynames_app_firstname (id, name) values (88, 'Petula')	insert into babynames_app_fullnames (id, first_id, last_id, rank, pros, cons) values (88,88,1,0,'Namesake of Petula Clark ("Downtown" singer!)','')		insert into babynames_app_nameinfo (id, firstName_id, country_id, gender_id,meaning) values(88,88,1,2,'Modern name (meaning unknown)')
Insert into babynames_app_firstname (id, name) values (89, 'Pilar')	insert into babynames_app_fullnames (id, first_id, last_id, rank, pros, cons) values (89,89,1,0,'','')		insert into babynames_app_nameinfo (id, firstName_id, country_id, gender_id,meaning) values(89,89,1,2,'"pillar" in Spanish (honors the Virgin Mary)')
Insert into babynames_app_firstname (id, name) values (90, 'Piper')	insert into babynames_app_fullnames (id, first_id, last_id, rank, pros, cons) values (90,90,1,0,'','')		insert into babynames_app_nameinfo (id, firstName_id, country_id, gender_id,meaning) values(90,90,1,2,'English occupational name')
Insert into babynames_app_firstname (id, name) values (91, 'Pree')	insert into babynames_app_fullnames (id, first_id, last_id, rank, pros, cons) values (91,91,1,0,'','Hard to spell')		insert into babynames_app_nameinfo (id, firstName_id, country_id, gender_id,meaning) values(91,91,1,2,'not found')
Insert into babynames_app_firstname (id, name) values (92, 'Remington')	insert into babynames_app_fullnames (id, first_id, last_id, rank, pros, cons) values (92,92,1,0,'Remo-o-o-o-on','Sounds a little stuffy')		insert into babynames_app_nameinfo (id, firstName_id, country_id, gender_id,meaning) values(92,92,1,1,'"place on a riverbank" in English')
Insert into babynames_app_firstname (id, name) values (93, 'Riordan')	insert into babynames_app_fullnames (id, first_id, last_id, rank, pros, cons) values (93,93,1,0,'','pronunciation?')		insert into babynames_app_nameinfo (id, firstName_id, country_id, gender_id,meaning) values(93,93,1,1,'"bard, royal poet" in Irish')
Insert into babynames_app_firstname (id, name) values (94, 'Rocco')	insert into babynames_app_fullnames (id, first_id, last_id, rank, pros, cons) values (94,94,1,0,'Rocco''s Modern Life','')		insert into babynames_app_nameinfo (id, firstName_id, country_id, gender_id,meaning) values(94,94,1,1,'"crow" in German and Italian')
Insert into babynames_app_firstname (id, name) values (95, 'Roger')	insert into babynames_app_fullnames (id, first_id, last_id, rank, pros, cons) values (95,95,1,0,'','')		insert into babynames_app_nameinfo (id, firstName_id, country_id, gender_id,meaning) values(95,95,1,1,'"famous warrior" in German')
Insert into babynames_app_firstname (id, name) values (96, 'Samuel')	insert into babynames_app_fullnames (id, first_id, last_id, rank, pros, cons) values (96,96,1,0,'Can be said in Spanish','')		insert into babynames_app_nameinfo (id, firstName_id, country_id, gender_id,meaning) values(96,96,1,1,'"told by God" in Hebrew')
Insert into babynames_app_firstname (id, name) values (97, 'Sebastian')	insert into babynames_app_fullnames (id, first_id, last_id, rank, pros, cons) values (97,97,1,0,'','Little Mermaid')		insert into babynames_app_nameinfo (id, firstName_id, country_id, gender_id,meaning) values(97,97,1,1,'"from Sebasta" in Latin (from Greek)')
Insert into babynames_app_firstname (id, name) values (98, 'Simon')	insert into babynames_app_fullnames (id, first_id, last_id, rank, pros, cons) values (98,98,1,0,'Can be said in Spanish','Chipmunk')		insert into babynames_app_nameinfo (id, firstName_id, country_id, gender_id,meaning) values(98,98,1,1,'"the listener" in Hebrew')
Insert into babynames_app_firstname (id, name) values (99, 'Sydney')	insert into babynames_app_fullnames (id, first_id, last_id, rank, pros, cons) values (99,99,1,0,'','')		insert into babynames_app_nameinfo (id, firstName_id, country_id, gender_id,meaning) values(99,99,1,2,'"Saint Denis" in French')
Insert into babynames_app_firstname (id, name) values (100, 'Talullah')	insert into babynames_app_fullnames (id, first_id, last_id, rank, pros, cons) values (100,100,1,0,'','')		insert into babynames_app_nameinfo (id, firstName_id, country_id, gender_id,meaning) values(100,100,1,2,'"lady of abundance" in Irish')
Insert into babynames_app_firstname (id, name) values (101, 'Thalia')	insert into babynames_app_fullnames (id, first_id, last_id, rank, pros, cons) values (101,101,1,0,'Greek muse of comedy, one of the Graces','')		insert into babynames_app_nameinfo (id, firstName_id, country_id, gender_id,meaning) values(101,101,1,2,'"to fluorish" in Greek')
Insert into babynames_app_firstname (id, name) values (102, 'Theodore')	insert into babynames_app_fullnames (id, first_id, last_id, rank, pros, cons) values (102,102,1,0,'President Roosevelt','Chipmunk')		insert into babynames_app_nameinfo (id, firstName_id, country_id, gender_id,meaning) values(102,102,1,1,'"gift of God" in Greek')
Insert into babynames_app_firstname (id, name) values (103, 'Thomas')	insert into babynames_app_fullnames (id, first_id, last_id, rank, pros, cons) values (103,103,1,0,'','Doesn''t go with last name =p')		insert into babynames_app_nameinfo (id, firstName_id, country_id, gender_id,meaning) values(103,103,1,1,'"twin" in Aramaic')
Insert into babynames_app_firstname (id, name) values (104, 'Tobias')	insert into babynames_app_fullnames (id, first_id, last_id, rank, pros, cons) values (104,104,1,0,'Tobias32','Not sure it works with Thomas')		insert into babynames_app_nameinfo (id, firstName_id, country_id, gender_id,meaning) values(104,104,1,1,'"God is good" in Greek (from Hebrew)')
Insert into babynames_app_firstname (id, name) values (105, 'Violet')	insert into babynames_app_fullnames (id, first_id, last_id, rank, pros, cons) values (105,105,1,0,'Favorite color (purple)','Close to ''violent''?')		insert into babynames_app_nameinfo (id, firstName_id, country_id, gender_id,meaning) values(105,105,1,2,'"purple" in Latin, also a flower')
Insert into babynames_app_firstname (id, name) values (106, 'Willem')	insert into babynames_app_fullnames (id, first_id, last_id, rank, pros, cons) values (106,106,1,0,'','')		insert into babynames_app_nameinfo (id, firstName_id, country_id, gender_id,meaning) values(106,106,1,1,'Dutch version of William ("resolute protector")')
Insert into babynames_app_firstname (id, name) values (107, 'William')	insert into babynames_app_fullnames (id, first_id, last_id, rank, pros, cons) values (107,107,1,0,'Liam is a cool nickname','super common, people saying Will')		insert into babynames_app_nameinfo (id, firstName_id, country_id, gender_id,meaning) values(107,107,1,1,'"resolute protection" in English (from German)')
Insert into babynames_app_firstname (id, name) values (108, 'Zora')	insert into babynames_app_fullnames (id, first_id, last_id, rank, pros, cons) values (108,108,1,0,'','Close to a bad word in Spanish')		insert into babynames_app_nameinfo (id, firstName_id, country_id, gender_id,meaning) values(108,108,1,2,'"dawn, or bargain" in Arabic or Slavic')
Insert into babynames_app_firstname (id, name) values (109, 'Magdalena')	insert into babynames_app_fullnames (id, first_id, last_id, rank, pros, cons) values (109,109,1,0,'Cool. Fancy. Maggie is a nice (nick)name','')		insert into babynames_app_nameinfo (id, firstName_id, country_id, gender_id,meaning) values(109,109,1,2,'')
